wilaya_code,wilaya_name,commune_name,commune_name_ar
1,Adrar,Adrar,أدرار
1,Adrar,Akabli,اقبلي
1,Adrar,Aoulef,أولف
1,Adrar,Bouda,بودة
1,Adrar,Fenoughil,فنوغيل
1,Adrar,"In Zghmir","إن زغمير"
1,Adrar,"Ouled Ahmed Timmi","أولاد أحمد تيمي"
1,Adrar,Reggane,رقان
1,Adrar,Sali,سالي
1,Adrar,Sebaa,السبع
1,Adrar,Tamantit,تامنطيط
1,Adrar,Tamest,تامست
1,Adrar,Timekten,تيمقتن
1,Adrar,Tit,تيت
1,Adrar,Tsabit,تسابيت
1,Adrar,"Zaouiet Kounta","زاوية كنتة"
2,Chlef,"Abou El Hassane","أبو الحسن"
2,Chlef,"Ain Merane","عين مران"
2,Chlef,Benairia,بنايرية
2,Chlef,"Beni Bouattab","بني بوعتاب"
2,Chlef,"Beni Haoua","بني حواء"
2,Chlef,"Beni Rached","بني راشد"
2,Chlef,Boukadir,بوقادير
2,Chlef,Bouzeghaia,بوزغاية
2,Chlef,Breira,بريرة
2,Chlef,Chettia,الشطية
2,Chlef,Chlef,الشلف
2,Chlef,Dahra,الظهرة
2,Chlef,"El Hadjadj",الحجاج
2,Chlef,"El Karimia",الكريمية
2,Chlef,"El Marsa",المرسى
2,Chlef,Harchoun,حرشون
2,Chlef,Herenfa,الهرانفة
2,Chlef,"Labiod Medjadja","الأبيض مجاجة"
2,Chlef,Moussadek,مصدق
2,Chlef,"Oued Fodda","وادي الفضة"
2,Chlef,"Oued Goussine","وادي قوسين"
2,Chlef,"Oued Sly","وادي سلي"
2,Chlef,"Ouled Abbes","أولاد عباس"
2,Chlef,"Ouled Ben Abdelkader","أولاد بن عبد القادر"
2,Chlef,"Ouled Fares","أولاد فارس"
2,Chlef,"Oum Drou","أم الدروع"
2,Chlef,Sendjas,سنجاس
2,Chlef,"Sidi Abderrahmane","سيدي عبد الرحمن"
2,Chlef,"Sidi Akkacha","سيدي عكاشة"
2,Chlef,Sobha,الصبحة
2,Chlef,Tadjena,تاجنة
2,Chlef,Talassa,تلعصة
2,Chlef,Taougrit,تاوقريت
2,Chlef,Tenes,تنس
2,Chlef,Zeboudja,الزبوجة
3,Laghouat,Aflou,أفلو
3,Laghouat,"Ain Madhi","عين ماضي"
3,Laghouat,"Ain Sidi Ali","عين سيدي علي"
3,Laghouat,"Benacer Benchohra","بن ناصر بن شهرة"
3,Laghouat,Brida,بريدة
3,Laghouat,"El Assafia",العسافية
3,Laghouat,"El Beidha",البيضاء
3,Laghouat,"El Ghicha",الغيشة
3,Laghouat,"El Haouaita",الحويطة
3,Laghouat,"Gueltat Sidi Saad","قلتة سيدي سعد"
3,Laghouat,"Hadj Mechri","الحاج مشري"
3,Laghouat,"Hassi Delaa","حاسي الدلاعة"
3,Laghouat,"Hassi R'Mel","حاسي الرمل"
3,Laghouat,Kheneg,الخنق
3,Laghouat,"Ksar El Hirane","قصر الحيران"
3,Laghouat,Laghouat,الأغواط
3,Laghouat,"Oued M'Zi","وادي مزي"
3,Laghouat,"Oued Morra","وادي مرة"
3,Laghouat,Sebgag,سبقاق
3,Laghouat,"Sidi Bouzid","سيدي بوزيد"
3,Laghouat,"Sidi Makhlouf","سيدي مخلوف"
3,Laghouat,Tadjemout,تاجموت
3,Laghouat,Tadjrouna,تاجرونة
3,Laghouat,Taouiala,تاويالة
4,"Oum El Bouaghi","Ain Babouche","عين ببوش"
4,"Oum El Bouaghi","Ain Beida","عين البيضاء"
4,"Oum El Bouaghi","Ain Diss","عين الديس"
4,"Oum El Bouaghi","Ain Fekroun","عين فكرون"
4,"Oum El Bouaghi","Ain Kercha","عين كرشة"
4,"Oum El Bouaghi","Ain Zitoun","عين الزيتون"
4,"Oum El Bouaghi","Aïn M'lila","عين مليلة"
4,"Oum El Bouaghi","Behir Chergui","بحير الشرقي"
4,"Oum El Bouaghi",Berriche,بريش
4,"Oum El Bouaghi","Bir Chouhada","بئر الشهداء"
4,"Oum El Bouaghi",Dhalaa,الضلعة
4,"Oum El Bouaghi","El Amiria",العامرية
4,"Oum El Bouaghi","El Belala",البلالة
4,"Oum El Bouaghi","El Djazia",الجازية
4,"Oum El Bouaghi","El Fedjoudj Boughrara Sa","الفجوج بوغرارة سعودي"
4,"Oum El Bouaghi","El Harmilia",الحرملية
4,"Oum El Bouaghi",Fkirina,فكيرينة
4,"Oum El Bouaghi","Hanchir Toumghani","هنشير تومغني"
4,"Oum El Bouaghi","Ksar Sbahi","قصر الصباحي"
4,"Oum El Bouaghi",Meskiana,مسكيانة
4,"Oum El Bouaghi","Oued Nini","وادي نيني"
4,"Oum El Bouaghi","Ouled Gacem","أولاد قاسم"
4,"Oum El Bouaghi","Ouled Hamla","أولاد حملة"
4,"Oum El Bouaghi","Ouled Zouai","أولاد زواي"
4,"Oum El Bouaghi","Oum El Bouaghi","أم البواقي"
4,"Oum El Bouaghi",Rahia,الرحية
4,"Oum El Bouaghi",Sigus,سيقوس
4,"Oum El Bouaghi","Souk Naamane","سوق نعمان"
4,"Oum El Bouaghi",Zorg,الزرق
5,Batna,"Ain Djasser","عين جاسر"
5,Batna,"Ain Touta","عين التوتة"
5,Batna,"Ain Yagout","عين ياقوت"
5,Batna,Arris,أريس
5,Batna,"Azil Abedelkader","عزيل عبد القادر"
5,Batna,Barika,بريكة
5,Batna,Batna,باتنة
5,Batna,"Beni Foudhala El Hakania","بني فضالة الحقانية"
5,Batna,Bitam,بيطام
5,Batna,Boulhilat,بولهيلات
5,Batna,Boumagueur,بومقر
5,Batna,Boumia,بومية
5,Batna,Bouzina,بوزينة
5,Batna,Chemora,الشمرة
5,Batna,Chir,شير
5,Batna,Djerma,جرمة
5,Batna,Djezzar,الجزار
5,Batna,"El Hassi",الحاسي
5,Batna,"El Madher",المعذر
5,Batna,Fesdis,فسديس
5,Batna,"Foum Toub","فم الطوب"
5,Batna,Ghassira,غسيرة
5,Batna,Gosbat,القصبات
5,Batna,Guigba,القيقبة
5,Batna,Hidoussa,حيدوسة
5,Batna,Ichemoul,إشمول
5,Batna,Inoughissen,إينوغيسن
5,Batna,Kimmel,كيمل
5,Batna,"Ksar Bellezma","قصر بلزمة"
5,Batna,Larbaa,لارباع
5,Batna,Lazrou,لازرو
5,Batna,Lemcene,لمسان
5,Batna,"M Doukal",إمدوكل
5,Batna,Maafa,معافة
5,Batna,Menaa,منعة
5,Batna,Merouana,مروانة
5,Batna,"N Gaous",نقاوس
5,Batna,"Oued Chaaba","وادي الشعبة"
5,Batna,"Oued El Ma","وادي الماء"
5,Batna,"Oued Taga","وادي الطاقة"
5,Batna,"Ouled Ammar","أولاد عمار"
5,Batna,"Ouled Aouf","أولاد عوف"
5,Batna,"Ouled Fadel","أولاد فاضل"
5,Batna,"Ouled Sellem","أولاد سلام"
5,Batna,"Ouled Si Slimane","أولاد سي سليمان"
5,Batna,"Ouyoun El Assafir","عيون العصافير"
5,Batna,Rahbat,الرحبات
5,Batna,"Ras El Aioun","رأس العيون"
5,Batna,Sefiane,سفيان
5,Batna,Seggana,سقانة
5,Batna,Seriana,سريانة
5,Batna,"T Kout",تكوت
5,Batna,Talkhamt,تالخمت
5,Batna,Taxlent,تاكسلانت
5,Batna,Tazoult,تازولت
5,Batna,"Teniet El Abed","ثنية العابد"
5,Batna,Tighanimine,تيغانمين
5,Batna,Tigharghar,تغرغار
5,Batna,Tilatou,تيلاطو
5,Batna,Timgad,تيمقاد
5,Batna,"Zanet El Beida","زانة البيضاء"
6,Béjaïa,Adekar,أدكار
6,Béjaïa,Ait-Smail,"أيت إسماعيل"
6,Béjaïa,Akbou,أقبو
6,Béjaïa,Akfadou,أكفادو
6,Béjaïa,Amalou,أمالو
6,Béjaïa,Amizour,أميزور
6,Béjaïa,Aokas,أوقاس
6,Béjaïa,"Aït R'zine","أيت رزين"
6,Béjaïa,Barbacha,برباشة
6,Béjaïa,Bejaia,بجاية
6,Béjaïa,"Beni Djellil","بني جليل"
6,Béjaïa,"Beni K'sila","بني كسيلة"
6,Béjaïa,Beni-Mallikeche,"بني مليكش"
6,Béjaïa,Benimaouche,"بني معوش"
6,Béjaïa,Boudjellil,"بو جليل"
6,Béjaïa,Bouhamza,بوحمزة
6,Béjaïa,Boukhelifa,بوخليفة
6,Béjaïa,Chellata,شلاطة
6,Béjaïa,Chemini,شميني
6,Béjaïa,Darguina,درقينة
6,Béjaïa,"Dra El Caid","ذراع القايد"
6,Béjaïa,"El Kseur",القصر
6,Béjaïa,"Fenaia Il Maten","فناية الماثن"
6,Béjaïa,Feraoun,فرعون
6,Béjaïa,Ighil-Ali,"إغيل علي"
6,Béjaïa,Ighram,اغرم
6,Béjaïa,Kendira,كنديرة
6,Béjaïa,Kherrata,خراطة
6,Béjaïa,Leflaye,الفلاي
6,Béjaïa,M'cisna,مسيسنة
6,Béjaïa,Melbou,مالبو
6,Béjaïa,"Oued Ghir","وادي غير"
6,Béjaïa,Ouzellaguen,أوزلاقن
6,Béjaïa,Seddouk,صدوق
6,Béjaïa,"Sidi Ayad","سيدي عياد"
6,Béjaïa,Sidi-Aich,"سيدي عيش"
6,Béjaïa,Smaoun,سمعون
6,Béjaïa,"Souk El Tenine","سوق لإثنين"
6,Béjaïa,"Souk Oufella","سوق اوفلا"
6,Béjaïa,"Tala Hamza","تالة حمزة"
6,Béjaïa,Tamokra,تامقرة
6,Béjaïa,Tamridjet,تامريجت
6,Béjaïa,"Taourit Ighil","تاوريرت إغيل"
6,Béjaïa,Taskriout,تاسكريوت
6,Béjaïa,Tazmalt,تازمالت
6,Béjaïa,Tibane,طيبان
6,Béjaïa,Tichy,تيشي
6,Béjaïa,Tifra,تيفرة
6,Béjaïa,Timezrit,تيمزريت
6,Béjaïa,Tinebdar,تينبدار
6,Béjaïa,"Tizi N'Berber","تيزي نبربر"
6,Béjaïa,Toudja,توجة
7,Biskra,"Ain Naga","عين الناقة"
7,Biskra,"Ain Zaatout","عين زعطوط"
7,Biskra,Biskra,بسكرة
7,Biskra,"Bordj Ben Azzouz","برج بن عزوز"
7,Biskra,Bouchakroun,بوشقرون
7,Biskra,Branis,برانيس
7,Biskra,Chetma,شتمة
7,Biskra,Djemorah,جمورة
7,Biskra,"El Feidh",الفيض
7,Biskra,"El Ghrous",الغروس
7,Biskra,"El Hadjab",الحاجب
7,Biskra,"El Haouch",الحوش
7,Biskra,"El Kantara",القنطرة
7,Biskra,"El Outaya",الوطاية
7,Biskra,Foughala,فوغالة
7,Biskra,"Khenguet Sidi Nadji","خنقة سيدي ناجي"
7,Biskra,Lichana,ليشانة
7,Biskra,Lioua,ليوة
7,Biskra,M'Chouneche,مشونش
7,Biskra,M'Lili,مليلي
7,Biskra,Mekhadma,مخادمة
7,Biskra,Meziraa,المزيرعة
7,Biskra,Oumache,أوماش
7,Biskra,Ourlal,أورلال
7,Biskra,"Sidi Okba","سيدي عقبة"
7,Biskra,Tolga,طولقة
7,Biskra,"Zeribet El Oued","زريبة الوادي"
8,Béchar,Abadla,العبادلة
8,Béchar,Bechar,بشار
8,Béchar,Beni-Ounif,"بني ونيف"
8,Béchar,Boukais,بوكايس
8,Béchar,Erg-Ferradj,"عرق فراج"
8,Béchar,Kenadsa,القنادسة
8,Béchar,Lahmar,لحمر
8,Béchar,Machraa-Houari-Boumediene,"مشرع هواري بومدين"
8,Béchar,Meridja,المريجة
8,Béchar,Mogheul,موغل
8,Béchar,Taghit,تاغيت
9,Blida,"Ain Romana","عين الرمانة"
9,Blida,"Beni Mered","بني مراد"
9,Blida,Beni-Tamou,"بني تامو"
9,Blida,Benkhelil,"بن خليل"
9,Blida,Blida,البليدة
9,Blida,Bouarfa,بوعرفة
9,Blida,Boufarik,بوفاريك
9,Blida,Bougara,بوقرة
9,Blida,Bouinan,بوعينان
9,Blida,Chebli,الشبلي
9,Blida,Chiffa,الشفة
9,Blida,Chrea,الشريعة
9,Blida,Djebabra,جبابرة
9,Blida,El-Affroun,العفرون
9,Blida,Guerrouaou,قرواو
9,Blida,"Hammam Elouane","حمام ملوان"
9,Blida,Larbâa,الأربعاء
9,Blida,Meftah,مفتاح
9,Blida,Mouzaia,موزاية
9,Blida,"Oued Djer","وادي جر"
9,Blida,"Oued El Alleug","وادي العلايق"
9,Blida,"Ouled Slama","اولاد سلامة"
9,Blida,"Ouled Yaïch","أولاد يعيش"
9,Blida,Souhane,صوحان
9,Blida,Soumaa,الصومعة
10,Bouira,Aghbalou,أغبالو
10,Bouira,"Ahl El Ksar","أهل القصر"
10,Bouira,"Ain El Hadjar","عين الحجر"
10,Bouira,"Ain Laloui","عين العلوي"
10,Bouira,"Ain Turk","عين الترك"
10,Bouira,Ain-Bessem,"عين بسام"
10,Bouira,"Ait Laaziz","أيت لعزيز"
10,Bouira,Aomar,أعمر
10,Bouira,"Ath Mansour","آث  منصور"
10,Bouira,Bechloul,بشلول
10,Bouira,"Bir Ghbalou","بئر غبالو"
10,Bouira,"Bordj Okhriss","برج أوخريص"
10,Bouira,Bouderbala,بودربالة
10,Bouira,Bouira,البويرة
10,Bouira,Boukram,بوكرم
10,Bouira,Chorfa,شرفة
10,Bouira,Dechmia,الدشمية
10,Bouira,Dirah,ديرة
10,Bouira,Djebahia,جباحية
10,Bouira,"El Adjiba",العجيبة
10,Bouira,"El Asnam",الأسنام
10,Bouira,"El Hachimia",الهاشمية
10,Bouira,"El Khabouzia",الخبوزية
10,Bouira,El-Hakimia,الحاكمية
10,Bouira,El-Mokrani,المقراني
10,Bouira,Guerrouma,قرومة
10,Bouira,"Hadjera Zerga","الحجرة الزرقاء"
10,Bouira,Haizer,حيزر
10,Bouira,Hanif,حنيف
10,Bouira,Kadiria,قادرية
10,Bouira,Lakhdaria,الأخضرية
10,Bouira,"M Chedallah",أمشدالة
10,Bouira,Maala,معلة
10,Bouira,Maamora,المعمورة
10,Bouira,Mezdour,مزدور
10,Bouira,"Oued El Berdi","وادي البردي"
10,Bouira,"Ouled Rached","أولاد راشد"
10,Bouira,Raouraoua,روراوة
10,Bouira,Ridane,ريدان
10,Bouira,Saharidj,سحاريج
10,Bouira,"Souk El Khemis","سوق الخميس"
10,Bouira,"Sour El Ghozlane","سور الغزلان"
10,Bouira,Taghzout,تاغزوت
10,Bouira,Taguedite,تاقديت
10,Bouira,"Z'barbar (El Isseri )",زبربر
11,Tamanrasset,Abelsa,ابلسة
11,Tamanrasset,"Ain Amguel","عين امقل"
11,Tamanrasset,Idles,أدلس
11,Tamanrasset,Tamanrasset,تمنراست
11,Tamanrasset,Tazrouk,تاظروك
12,Tébessa,"Ain Zerga","عين الزرقاء"
12,Tébessa,Bedjene,بجن
12,Tébessa,Bekkaria,بكارية
12,Tébessa,"Bir Dheheb","بئر الذهب"
12,Tébessa,"Bir Mokkadem","بئر مقدم"
12,Tébessa,Bir-El-Ater,"بئر العاتر"
12,Tébessa,Boukhadra,بوخضرة
12,Tébessa,"Boulhaf Dyr","بولحاف الدير"
12,Tébessa,Cheria,الشريعة
12,Tébessa,"El Kouif",الكويف
12,Tébessa,"El Malabiod","الماء الابيض"
12,Tébessa,"El Meridj",المريج
12,Tébessa,"El Mezeraa",المزرعة
12,Tébessa,"El Ogla",العقلة
12,Tébessa,"El Ogla El Malha","العقلة المالحة"
12,Tébessa,El-Aouinet,العوينات
12,Tébessa,El-Houidjbet,الحويجبات
12,Tébessa,Ferkane,فركان
12,Tébessa,Guorriguer,قريقر
12,Tébessa,Hammamet,الحمامات
12,Tébessa,Morsott,مرسط
12,Tébessa,Negrine,نقرين
12,Tébessa,Ouenza,الونزة
12,Tébessa,"Oum Ali","أم علي"
12,Tébessa,"Saf Saf El Ouesra","صفصاف الوسرى"
12,Tébessa,"Stah Guentis","سطح قنطيس"
12,Tébessa,Tebessa,تبسة
12,Tébessa,Telidjen,ثليجان
13,Tlemcen,"Ain Fetah","عين فتاح"
13,Tlemcen,"Ain Fezza","عين فزة"
13,Tlemcen,"Ain Ghoraba","عين غرابة"
13,Tlemcen,"Ain Kebira","عين الكبيرة"
13,Tlemcen,"Ain Nehala","عين النحالة"
13,Tlemcen,"Ain Tellout","عين تالوت"
13,Tlemcen,"Ain Youcef","عين يوسف"
13,Tlemcen,Amieur,عمير
13,Tlemcen,Azail,العزايل
13,Tlemcen,"Bab El Assa","باب العسة"
13,Tlemcen,"Beni Bahdel","بني بهدل"
13,Tlemcen,"Beni Boussaid","بني بوسعيد"
13,Tlemcen,"Beni Khellad","بني خلاد"
13,Tlemcen,"Beni Mester","بني مستر"
13,Tlemcen,"Beni Ouarsous","بني وارسوس"
13,Tlemcen,"Beni Smiel","بني صميل"
13,Tlemcen,"Beni Snous","بني سنوس"
13,Tlemcen,Bensekrane,"بن سكران"
13,Tlemcen,Bouhlou,بوحلو
13,Tlemcen,Bouihi,البويهي
13,Tlemcen,Chetouane,شتوان
13,Tlemcen,"Dar Yaghmoracen","دار يغمراسن"
13,Tlemcen,Djebala,جبالة
13,Tlemcen,"El Aricha",العريشة
13,Tlemcen,"El Fehoul",الفحول
13,Tlemcen,"El Gor",القور
13,Tlemcen,Fellaoucene,فلاوسن
13,Tlemcen,Ghazaouet,الغزوات
13,Tlemcen,"Hammam Boughrara","حمام بوغرارة"
13,Tlemcen,Hennaya,الحناية
13,Tlemcen,Honnaine,هنين
13,Tlemcen,"MSirda Fouaga","مسيردة الفواقة"
13,Tlemcen,Maghnia,مغنية
13,Tlemcen,Mansourah,منصورة
13,Tlemcen,"Marsa Ben M'Hidi","مرسى بن مهيدي"
13,Tlemcen,Nedroma,ندرومة
13,Tlemcen,"Oued Lakhdar","وادي الخضر"
13,Tlemcen,"Ouled Mimoun","أولاد ميمون"
13,Tlemcen,"Ouled Riyah","أولاد رياح"
13,Tlemcen,Remchi,الرمشي
13,Tlemcen,Sabra,صبرة
13,Tlemcen,"Sebbaa Chioukh","سبعة شيوخ"
13,Tlemcen,Sebdou,سبدو
13,Tlemcen,"Sidi Abdelli","سيدي العبدلي"
13,Tlemcen,"Sidi Djillali","سيدي الجيلالي"
13,Tlemcen,"Sidi Medjahed","سيدي مجاهد"
13,Tlemcen,Souahlia,السواحلية
13,Tlemcen,Souani,السواني
13,Tlemcen,"Souk Tleta","سوق الثلاثاء"
13,Tlemcen,"Terny Beni Hediel","تيرني بني هديل"
13,Tlemcen,Tianet,تيانت
13,Tlemcen,Tlemcen,تلمسان
13,Tlemcen,Zenata,زناتة
14,Tiaret,"Ain Bouchekif","عين بوشقيف"
14,Tiaret,"Ain Deheb","عين الذهب"
14,Tiaret,"Ain Dzarit","عين دزاريت"
14,Tiaret,"Ain El Hadid","عين الحديد"
14,Tiaret,"Ain Kermes","عين كرمس"
14,Tiaret,Bougara,بوقرة
14,Tiaret,Chehaima,شحيمة
14,Tiaret,Dahmouni,دحموني
14,Tiaret,"Djebilet Rosfa","جبيلات الرصفاء"
14,Tiaret,"Djillali Ben Amar","جيلالي بن عمار"
14,Tiaret,Faidja,الفايجة
14,Tiaret,Frenda,فرندة
14,Tiaret,Guertoufa,قرطوفة
14,Tiaret,Hamadia,حمادية
14,Tiaret,"Ksar Chellala","قصر الشلالة"
14,Tiaret,Madna,مادنة
14,Tiaret,Mahdia,مهدية
14,Tiaret,"Mechraa Safa","مشرع الصفا"
14,Tiaret,Medrissa,مدريسة
14,Tiaret,Medroussa,مدروسة
14,Tiaret,Meghila,مغيلة
14,Tiaret,Mellakou,ملاكو
14,Tiaret,Nadorah,الناظورة
14,Tiaret,Naima,النعيمة
14,Tiaret,"Oued Lilli","وادي ليلي"
14,Tiaret,Rahouia,الرحوية
14,Tiaret,Rechaiga,الرشايقة
14,Tiaret,Sebaine,السبعين
14,Tiaret,Sebt,السبت
14,Tiaret,Serghine,سرغين
14,Tiaret,"Si Abdelghani","سي عبد الغني"
14,Tiaret,"Sidi Abderrahmane","سيدي عبد الرحمن"
14,Tiaret,"Sidi Ali Mellal","سيدي علي ملال"
14,Tiaret,"Sidi Bakhti","سيدي بختي"
14,Tiaret,"Sidi Hosni","سيدي حسني"
14,Tiaret,Sougueur,السوقر
14,Tiaret,Tagdempt,تاقدمت
14,Tiaret,Takhemaret,تخمرت
14,Tiaret,Tiaret,تيارت
14,Tiaret,Tidda,تيدة
14,Tiaret,Tousnina,توسنينة
14,Tiaret,"Zmalet El Emir Abdelkade","زمالة  الأمير عبد القادر"
15,"Tizi Ouzou",Abi-Youcef,"أبي يوسف"
15,"Tizi Ouzou",Aghribs,أغريب
15,"Tizi Ouzou",Agouni-Gueghrane,"أقني قغران"
15,"Tizi Ouzou",Ain-El-Hammam,"عين الحمام"
15,"Tizi Ouzou",Ain-Zaouia,"عين الزاوية"
15,"Tizi Ouzou","Ait Aggouacha","أيت عقـواشة"
15,"Tizi Ouzou","Ait Bouaddou","أيت بــوادو"
15,"Tizi Ouzou","Ait Boumahdi","أيت بومهدي"
15,"Tizi Ouzou","Ait Khellili","أيت خليلي"
15,"Tizi Ouzou","Ait Yahia Moussa","أيت يحي موسى"
15,"Tizi Ouzou",Ait-Aissa-Mimoun,"أيت عيسى ميمون"
15,"Tizi Ouzou",Ait-Chafaa,"أيت شافع"
15,"Tizi Ouzou",Ait-Mahmoud,"أيت محمود"
15,"Tizi Ouzou",Ait-Oumalou,"أيت  أومالو"
15,"Tizi Ouzou",Ait-Toudert,"أيت تودرت"
15,"Tizi Ouzou",Ait-Yahia,"أيت يحيى"
15,"Tizi Ouzou",Akbil,اقبيل
15,"Tizi Ouzou",Akerrou,أقرو
15,"Tizi Ouzou",Assi-Youcef,"أسي يوسف"
15,"Tizi Ouzou",Azazga,عزازقة
15,"Tizi Ouzou",Azeffoun,أزفون
15,"Tizi Ouzou","Beni Zmenzer","بنــــي زمنزار"
15,"Tizi Ouzou",Beni-Aissi,"بني عيسي"
15,"Tizi Ouzou",Beni-Douala,"بني دوالة"
15,"Tizi Ouzou",Beni-Yenni,"بني يني"
15,"Tizi Ouzou",Beni-Zikki,"بني زيكــي"
15,"Tizi Ouzou",Boghni,بوغني
15,"Tizi Ouzou",Boudjima,بوجيمة
15,"Tizi Ouzou",Bounouh,بونوح
15,"Tizi Ouzou",Bouzeguene,بوزقــن
15,"Tizi Ouzou",Draa-Ben-Khedda,"ذراع بن خدة"
15,"Tizi Ouzou",Draa-El-Mizan,"ذراع الميزان"
15,"Tizi Ouzou",Freha,فريحة
15,"Tizi Ouzou",Frikat,فريقات
15,"Tizi Ouzou",Iboudrarene,إبودرارن
15,"Tizi Ouzou",Idjeur,إيجــار
15,"Tizi Ouzou",Iferhounene,إفــرحــونان
15,"Tizi Ouzou",Ifigha,إيفيغاء
15,"Tizi Ouzou",Iflissen,إفليـــسن
15,"Tizi Ouzou",Illilten,إيلـيــلتـن
15,"Tizi Ouzou","Illoula Oumalou","إيلولة أومـــالو"
15,"Tizi Ouzou",Imsouhal,إمســوحال
15,"Tizi Ouzou",Irdjen,إيرجـــن
15,"Tizi Ouzou","Larbaa Nath Irathen","الأربعــاء ناث إيراثن"
15,"Tizi Ouzou",M'Kira,مكيرة
15,"Tizi Ouzou",Maatkas,معـــاتقة
15,"Tizi Ouzou",Makouda,ماكودة
15,"Tizi Ouzou",Mechtras,مشطراس
15,"Tizi Ouzou",Mekla,مقــلع
15,"Tizi Ouzou",Mizrana,ميزرانـــة
15,"Tizi Ouzou",Ouacif,واسيف
15,"Tizi Ouzou",Ouadhias,واضية
15,"Tizi Ouzou",Ouaguenoun,واقنون
15,"Tizi Ouzou","Sidi Namane","سيدي نعمان"
15,"Tizi Ouzou",Souama,صوامـــع
15,"Tizi Ouzou",Souk-El-Tenine,"سوق الإثنين"
15,"Tizi Ouzou",Tadmait,تادمايت
15,"Tizi Ouzou",Tigzirt,تيقـزيرت
15,"Tizi Ouzou",Timizart,تيمـيزار
15,"Tizi Ouzou",Tirmitine,تيرمتين
15,"Tizi Ouzou","Tizi N'Tleta","تيزي نثلاثة"
15,"Tizi Ouzou",Tizi-Gheniff,"تيزي غنيف"
15,"Tizi Ouzou",Tizi-Ouzou,"تيزي وزو"
15,"Tizi Ouzou",Tizi-Rached,"تيزي راشد"
15,"Tizi Ouzou",Yakourene,إعــكورن
15,"Tizi Ouzou",Yatafene,يطــافن
15,"Tizi Ouzou",Zekri,زكري
16,Alger,"Ain Benian","عين بنيان"
16,Alger,"Ain Taya","عين طاية"
16,Alger,"Alger Centre","الجزائر الوسطى"
16,Alger,"Bab El Oued","باب الوادي"
16,Alger,"Bab Ezzouar","باب الزوار"
16,Alger,"Baba Hassen","بابا حسن"
16,Alger,Bachedjerah,"باش جراح"
16,Alger,Baraki,براقي
16,Alger,"Ben Aknoun","ابن عكنون"
16,Alger,"Beni Messous","بني مسوس"
16,Alger,"Bir Mourad Rais","بئر مراد رايس"
16,Alger,"Bir Touta","بئر توتة"
16,Alger,Birkhadem,"بئر خادم"
16,Alger,"Bologhine Ibnou Ziri","بولوغين بن زيري"
16,Alger,"Bordj El Bahri","برج البحري"
16,Alger,"Bordj El Kiffan","برج الكيفان"
16,Alger,Bourouba,بوروبة
16,Alger,Bouzareah,بوزريعة
16,Alger,Casbah,القصبة
16,Alger,Cheraga,الشراقة
16,Alger,"Dar El Beida","الدار البيضاء"
16,Alger,"Dely Ibrahim","دالي ابراهيم"
16,Alger,"Djasr Kasentina","جسر قسنطينة"
16,Alger,Douira,الدويرة
16,Alger,Draria,الدرارية
16,Alger,"El Achour",العاشور
16,Alger,"El Biar",الابيار
16,Alger,"El Harrach",الحراش
16,Alger,"El Madania",المدنية
16,Alger,"El Magharia",المغارية
16,Alger,"El Marsa",المرسى
16,Alger,"El Mouradia",المرادية
16,Alger,Hammamet,الحمامات
16,Alger,Herraoua,هراوة
16,Alger,"Hussein Dey","حسين داي"
16,Alger,Hydra,حيدرة
16,Alger,Khraissia,الخرايسية
16,Alger,Kouba,القبة
16,Alger,"Les Eucalyptus",الكاليتوس
16,Alger,Maalma,المعالمة
16,Alger,"Mohamed Belouzdad","محمد بلوزداد"
16,Alger,Mohammadia,المحمدية
16,Alger,"Oued Koriche","وادي قريش"
16,Alger,"Oued Smar","وادي السمار"
16,Alger,"Ouled Chebel","اولاد شبل"
16,Alger,"Ouled Fayet","اولاد فايت"
16,Alger,Rahmania,الرحمانية
16,Alger,"Rais Hamidou","الرايس حميدو"
16,Alger,Reghaia,رغاية
16,Alger,Rouiba,الرويبة
16,Alger,Sehaoula,السحاولة
16,Alger,"Sidi M'Hamed","سيدي امحمد"
16,Alger,"Sidi Moussa","سيدي موسى"
16,Alger,Souidania,سويدانية
16,Alger,Staoueli,سطاوالي
16,Alger,"Tessala El Merdja","تسالة المرجة"
16,Alger,Zeralda,زرالدة
17,Djelfa,"Ain Chouhada","عين الشهداء"
17,Djelfa,"Ain El Ibel","عين الإبل"
17,Djelfa,"Ain Fekka","عين فقه"
17,Djelfa,"Ain Maabed","عين معبد"
17,Djelfa,"Ain Oussera","عين وسارة"
17,Djelfa,Amourah,عمورة
17,Djelfa,Benhar,بنهار
17,Djelfa,Benyagoub,"بن يعقوب"
17,Djelfa,Birine,بيرين
17,Djelfa,"Bouira Lahdab","بويرة الأحداب"
17,Djelfa,Charef,الشارف
17,Djelfa,"Dar Chioukh","دار الشيوخ"
17,Djelfa,Deldoul,دلدول
17,Djelfa,Djelfa,الجلفة
17,Djelfa,Douis,دويس
17,Djelfa,"El Guedid",القديد
17,Djelfa,"El Idrissia",الادريسية
17,Djelfa,"El Khemis",الخميس
17,Djelfa,"Faidh El Botma","فيض البطمة"
17,Djelfa,Guernini,قرنيني
17,Djelfa,Guettara,قطارة
17,Djelfa,"Had Sahary","حد الصحاري"
17,Djelfa,"Hassi Bahbah","حاسي بحبح"
17,Djelfa,"Hassi El Euch","حاسي العش"
17,Djelfa,"Hassi Fedoul","حاسي فدول"
17,Djelfa,M'Liliha,مليليحة
17,Djelfa,Messaad,مسعد
17,Djelfa,Moudjebara,مجبارة
17,Djelfa,"Oum Laadham","أم العظام"
17,Djelfa,"Sed Rahal","سد الرحال"
17,Djelfa,Selmana,سلمانة
17,Djelfa,"Sidi Baizid","سيدي بايزيد"
17,Djelfa,"Sidi Laadjel","سيدي لعجال"
17,Djelfa,Taadmit,تعظميت
17,Djelfa,Zaafrane,زعفران
17,Djelfa,Zaccar,زكار
18,Jijel,"Bordj T'har","برج الطهر"
18,Jijel,"Boudria Beniyadjis","بودريعة بني  ياجيس"
18,Jijel,"Bouraoui Belhadef","بوراوي بلهادف"
18,Jijel,"Boussif Ouled Askeur","بوسيف أولاد عسكر"
18,Jijel,Chahna,الشحنة
18,Jijel,Chekfa,الشقفة
18,Jijel,"Djemaa Beni Habibi","الجمعة بني حبيبي"
18,Jijel,Djimla,جيملة
18,Jijel,"El Ancer",العنصر
18,Jijel,"El Aouana",العوانة
18,Jijel,"El Kennar Nouchfi","القنار نشفي"
18,Jijel,"El Milia",الميلية
18,Jijel,"Emir Abdelkader","الامير عبد القادر"
18,Jijel,"Erraguene Souissi","أراقن سويسي"
18,Jijel,Ghebala,غبالة
18,Jijel,Jijel,جيجل
18,Jijel,Kaous,قاوس
18,Jijel,"Khiri Oued Adjoul","خيري واد عجول"
18,Jijel,Oudjana,وجانة
18,Jijel,"Ouled Rabah","أولاد رابح"
18,Jijel,"Ouled Yahia Khadrouch","أولاد يحيى خدروش"
18,Jijel,"Selma Benziada","سلمى بن زيادة"
18,Jijel,Settara,السطارة
18,Jijel,"Sidi Abdelaziz","سيدي عبد العزيز"
18,Jijel,"Sidi Marouf","سيدي معروف"
18,Jijel,Taher,الطاهير
18,Jijel,Texenna,تاكسنة
18,Jijel,"Ziama Mansouriah","زيامة منصورية"
19,Sétif,"Ain Abessa","عين عباسة"
19,Sétif,"Ain Arnat","عين أرنات"
19,Sétif,"Ain Azel","عين أزال"
19,Sétif,"Ain El Kebira","عين الكبيرة"
19,Sétif,"Ain Lahdjar","عين الحجر"
19,Sétif,"Ain Oulmene","عين ولمان"
19,Sétif,Ain-Legradj,"عين لقراج"
19,Sétif,Ain-Roua,"عين الروى"
19,Sétif,Ain-Sebt,"عين السبت"
19,Sétif,"Ait Naoual Mezada","أيت نوال مزادة"
19,Sétif,Ait-Tizi,"ايت تيزي"
19,Sétif,Amoucha,عموشة
19,Sétif,Babor,بابور
19,Sétif,Bazer-Sakra,"بازر سكرة"
19,Sétif,"Beidha Bordj","بيضاء برج"
19,Sétif,Bellaa,بلاعة
19,Sétif,"Beni Chebana","بني شبانة"
19,Sétif,"Beni Fouda","بني فودة"
19,Sétif,"Beni Ourtilane","بني ورتيلان"
19,Sétif,"Beni Oussine","بني وسين"
19,Sétif,Beni-Aziz,"بني عزيز"
19,Sétif,Beni-Mouhli,"بني موحلي"
19,Sétif,"Bir Haddada","بئر حدادة"
19,Sétif,Bir-El-Arch,"بئر العرش"
19,Sétif,Bouandas,بوعنداس
19,Sétif,Bougaa,بوقاعة
19,Sétif,Bousselam,بوسلام
19,Sétif,Boutaleb,بوطالب
19,Sétif,Dehamcha,الدهامشة
19,Sétif,Djemila,جميلة
19,Sétif,Draa-Kebila,"ذراع قبيلة"
19,Sétif,"El Eulma",العلمة
19,Sétif,"El Ouricia",أوريسيا
19,Sétif,El-Ouldja,الولجة
19,Sétif,Guellal,قلال
19,Sétif,"Guelta Zerka","قلتة زرقاء"
19,Sétif,Guenzet,قنزات
19,Sétif,Guidjel,قجال
19,Sétif,"Hamam Soukhna","حمام السخنة"
19,Sétif,Hamma,الحامة
19,Sétif,"Hammam Guergour","حمام قرقور"
19,Sétif,Harbil,حربيل
19,Sétif,"Kasr El Abtal","قصر الابطال"
19,Sétif,Maaouia,معاوية
19,Sétif,Maouaklane,ماوكلان
19,Sétif,Mezloug,مزلوق
19,Sétif,"Oued El Bared","واد البارد"
19,Sétif,"Ouled Addouane","أولاد عدوان"
19,Sétif,"Ouled Sabor","أولاد صابر"
19,Sétif,"Ouled Si Ahmed","أولاد سي أحمد"
19,Sétif,"Ouled Tebben","أولاد تبان"
19,Sétif,Rosfa,الرصفة
19,Sétif,"Salah Bey","صالح باي"
19,Sétif,Serdj-El-Ghoul,"سرج الغول"
19,Sétif,Setif,سطيف
19,Sétif,Tachouda,تاشودة
19,Sétif,Tala-Ifacene,"تالة إيفاسن"
19,Sétif,Taya,الطاية
19,Sétif,Tella,التلة
19,Sétif,"Tizi N'Bechar","تيزي نبشار"
20,Saïda,"Ain Sekhouna","عين السخونة"
20,Saïda,"Aïn El Hadjar","عين الحجر"
20,Saïda,"Aïn Soltane","عين السلطان"
20,Saïda,"Doui Thabet","دوي ثابت"
20,Saïda,"El Hassasna",الحساسنة
20,Saïda,Hounet,هونت
20,Saïda,Maamora,المعمورة
20,Saïda,"Moulay Larbi","مولاي العربي"
20,Saïda,"Ouled Brahim","أولاد إبراهيم"
20,Saïda,"Ouled Khaled","أولاد خالد"
20,Saïda,Saida,سعيدة
20,Saïda,"Sidi Ahmed","سيدي احمد"
20,Saïda,"Sidi Amar","سيدي عمر"
20,Saïda,"Sidi Boubekeur","سيدي بوبكر"
20,Saïda,Tircine,تيرسين
20,Saïda,Youb,يوب
21,Skikda,"Ain Bouziane","عين بوزيان"
21,Skikda,"Ain Charchar","عين شرشار"
21,Skikda,"Ain Kechra","عين قشرة"
21,Skikda,"Ain Zouit","عين زويت"
21,Skikda,Azzaba,عزابة
21,Skikda,"Bekkouche Lakhdar","بكوش لخضر"
21,Skikda,"Ben Azzouz","بن عزوز"
21,Skikda,"Beni Bechir","بني بشير"
21,Skikda,"Beni Oulbane","بني ولبان"
21,Skikda,"Beni Zid","بني زيد"
21,Skikda,"Bin El Ouiden","بين الويدان"
21,Skikda,Bouchetata,بوشطاطة
21,Skikda,Cheraia,الشرايع
21,Skikda,Collo,القل
21,Skikda,"Djendel Saadi Mohamed","جندل سعدي محمد"
21,Skikda,"El Arrouch",الحروش
21,Skikda,"El Ghedir",الغدير
21,Skikda,"El Hadaiek",الحدائق
21,Skikda,"El Marsa",المرسى
21,Skikda,"Emjez Edchich","مجاز الدشيش"
21,Skikda,"Es Sebt",السبت
21,Skikda,Filfila,فلفلة
21,Skikda,"Hammadi Krouma","حمادي كرومة"
21,Skikda,Kanoua,قنواع
21,Skikda,Kerkara,الكركرة
21,Skikda,"Khenag Maoune","خناق مايو"
21,Skikda,"Oued Zhour","وادي الزهور"
21,Skikda,"Ouldja Boulbalout","الولجة بولبلوط"
21,Skikda,"Ouled Attia","أولاد عطية"
21,Skikda,"Ouled Habbaba","أولاد حبابة"
21,Skikda,"Oum Toub","أم الطوب"
21,Skikda,"Ramdane Djamel","رمضان جمال"
21,Skikda,"Salah Bouchaour","صالح بو الشعور"
21,Skikda,"Sidi Mezghiche","سيدي مزغيش"
21,Skikda,Skikda,سكيكدة
21,Skikda,Tamalous,تمالوس
21,Skikda,Zerdezas,زردازة
21,Skikda,Zitouna,الزيتونة
22,"Sidi Bel Abbès","Ain El Berd","عين البرد"
22,"Sidi Bel Abbès","Ain Kada","عين قادة"
22,"Sidi Bel Abbès","Ain Thrid","عين الثريد"
22,"Sidi Bel Abbès","Ain Tindamine","عين تندمين"
22,"Sidi Bel Abbès","Ain- Adden","عين أدن"
22,"Sidi Bel Abbès",Amarnas,العمارنة
22,"Sidi Bel Abbès","Bedrabine El Mokrani","بضرابين المقراني"
22,"Sidi Bel Abbès",Belarbi,بلعربي
22,"Sidi Bel Abbès","Ben Badis","بن باديس"
22,"Sidi Bel Abbès","Benachiba Chelia","بن عشيبة شلية"
22,"Sidi Bel Abbès","Bir El Hammam","بئر الحمام"
22,"Sidi Bel Abbès","Boudjebaa El Bordj","بوجبهة البرج"
22,"Sidi Bel Abbès",Boukhanefis,بوخنفيس
22,"Sidi Bel Abbès","Chetouane Belaila","شيطوان البلايلة"
22,"Sidi Bel Abbès",Dhaya,الضاية
22,"Sidi Bel Abbès","El Hacaiba",الحصيبة
22,"Sidi Bel Abbès","Hassi Dahou","حاسي دحو"
22,"Sidi Bel Abbès","Hassi Zahana","حاسي زهانة"
22,"Sidi Bel Abbès",Lamtar,لمطار
22,"Sidi Bel Abbès",M'Cid,مسيد
22,"Sidi Bel Abbès",Makedra,مكدرة
22,"Sidi Bel Abbès",Marhoum,مرحوم
22,"Sidi Bel Abbès",Merine,مرين
22,"Sidi Bel Abbès",Mezaourou,مزاورو
22,"Sidi Bel Abbès","Mostefa Ben Brahim","مصطفى بن ابراهيم"
22,"Sidi Bel Abbès","Moulay Slissen","مولاي سليسن"
22,"Sidi Bel Abbès","Oued Sebaa","وادي السبع"
22,"Sidi Bel Abbès","Oued Sefioun","وادي سفيون"
22,"Sidi Bel Abbès","Oued Taourira","وادي تاوريرة"
22,"Sidi Bel Abbès","Ras El Ma","راس الماء"
22,"Sidi Bel Abbès","Redjem Demouche","رجم دموش"
22,"Sidi Bel Abbès","Sehala Thaoura","السهالة الثورة"
22,"Sidi Bel Abbès",Sfisef,سفيزف
22,"Sidi Bel Abbès","Sidi Ali Benyoub","سيدي علي بن يوب"
22,"Sidi Bel Abbès","Sidi Ali Boussidi","سيدي علي بوسيدي"
22,"Sidi Bel Abbès","Sidi Bel-Abbes","سيدي بلعباس"
22,"Sidi Bel Abbès","Sidi Brahim","سيدي ابراهيم"
22,"Sidi Bel Abbès","Sidi Chaib","سيدي شعيب"
22,"Sidi Bel Abbès","Sidi Dahou Zairs","سيدي دحو الزاير"
22,"Sidi Bel Abbès","Sidi Hamadouche","سيدي حمادوش"
22,"Sidi Bel Abbès","Sidi Khaled","سيدي خالد"
22,"Sidi Bel Abbès","Sidi Lahcene","سيدي لحسن"
22,"Sidi Bel Abbès","Sidi Yacoub","سيدي يعقوب"
22,"Sidi Bel Abbès",Tabia,طابية
22,"Sidi Bel Abbès",Taoudmout,تاودموت
22,"Sidi Bel Abbès",Tefessour,تفسور
22,"Sidi Bel Abbès",Teghalimet,تغاليمت
22,"Sidi Bel Abbès",Telagh,تلاغ
22,"Sidi Bel Abbès",Tenira,تنيرة
22,"Sidi Bel Abbès",Tessala,تسالة
22,"Sidi Bel Abbès",Tilmouni,تلموني
22,"Sidi Bel Abbès",Zerouala,زروالة
23,Annaba,"Ain El Berda","عين الباردة"
23,Annaba,Annaba,عنابة
23,Annaba,Berrahal,برحال
23,Annaba,Chetaibi,شطايبي
23,Annaba,Cheurfa,الشرفة
23,Annaba,"El Bouni",البوني
23,Annaba,"El Eulma",العلمة
23,Annaba,"El Hadjar",الحجار
23,Annaba,"Oued El Aneb","واد العنب"
23,Annaba,Seraidi,سرايدي
23,Annaba,"Sidi Amar","سيدي عمار"
23,Annaba,Treat,التريعات
24,Guelma,"Ain Ben Beida","عين بن بيضاء"
24,Guelma,"Ain Larbi","عين العربي"
24,Guelma,"Ain Makhlouf","عين مخلوف"
24,Guelma,"Ain Regada","عين رقادة"
24,Guelma,"Ain Sandel","عين صندل"
24,Guelma,Belkheir,بلخير
24,Guelma,Bendjarah,"بن جراح"
24,Guelma,"Beni Mezline","بني مزلين"
24,Guelma,"Bordj Sabath","برج صباط"
24,Guelma,"Bou Hachana",بوحشانة
24,Guelma,"Bou Hamdane",بوحمدان
24,Guelma,"Bouati Mahmoud","بوعاتي محمود"
24,Guelma,Bouchegouf,بوشقوف
24,Guelma,"Boumahra Ahmed","بومهرة أحمد"
24,Guelma,Dahouara,الدهوارة
24,Guelma,"Djeballah Khemissi","جبالة الخميسي"
24,Guelma,"El Fedjoudj",الفجوج
24,Guelma,"Guelaat Bou Sbaa","قلعة بوصبع"
24,Guelma,Guelma,قالمة
24,Guelma,"Hammam Debagh","حمام دباغ"
24,Guelma,"Hammam N'Bail","حمام النبايل"
24,Guelma,Heliopolis,هيليوبوليس
24,Guelma,"Houari Boumedienne","هواري بومدين"
24,Guelma,Khezaras,لخزارة
24,Guelma,"Medjez Amar","مجاز عمار"
24,Guelma,"Medjez Sfa","مجاز الصفاء"
24,Guelma,Nechmaya,نشماية
24,Guelma,"Oued Cheham","وادي الشحم"
24,Guelma,"Oued Ferragha","وادي فراغة"
24,Guelma,"Oued Zenati","وادي الزناتي"
24,Guelma,"Ras El Agba","رأس العقبة"
24,Guelma,Roknia,الركنية
24,Guelma,"Sellaoua Announa","سلاوة عنونة"
24,Guelma,Tamlouka,تاملوكة
25,Constantine,"Ain Abid","عين عبيد"
25,Constantine,"Ain Smara","عين السمارة"
25,Constantine,"Ben Badis","أبن باديس الهرية"
25,Constantine,"Beni Hamidane","بني حميدان"
25,Constantine,Constantine,قسنطينة
25,Constantine,"Didouche Mourad","ديدوش مراد"
25,Constantine,"El Khroub",الخروب
25,Constantine,"Hamma Bouziane","حامة بوزيان"
25,Constantine,"Ibn Ziad","ابن زياد"
25,Constantine,"Messaoud Boudjeriou","بوجريو مسعود"
25,Constantine,"Ouled Rahmoun","أولاد رحمون"
25,Constantine,"Zighoud Youcef","زيغود يوسف"
26,Médéa,"Ain Boucif","عين بوسيف"
26,Médéa,"Ain Ouksir","عين اقصير"
26,Médéa,Aissaouia,العيساوية
26,Médéa,Aziz,عزيز
26,Médéa,Baata,بعطة
26,Médéa,"Ben Chicao","بن شكاو"
26,Médéa,"Beni Slimane","بني سليمان"
26,Médéa,Berrouaghia,البرواقية
26,Médéa,"Bir Ben Laabed","بئر بن عابد"
26,Médéa,Boghar,بوغار
26,Médéa,Bouaiche,بوعيش
26,Médéa,Bouaichoune,بوعيشون
26,Médéa,Bouchrahil,بوشراحيل
26,Médéa,Boughzoul,بوغزول
26,Médéa,Bouskene,بوسكن
26,Médéa,Chabounia,الشهبونية
26,Médéa,"Chelalet El Adhaoura","شلالة العذاورة"
26,Médéa,Cheniguel,شنيقل
26,Médéa,Derrag,دراق
26,Médéa,Djouab,جواب
26,Médéa,"Draa Esmar","ذراع السمار"
26,Médéa,"El Azizia",العزيزية
26,Médéa,"El Guelbelkebir","القلب الكبير"
26,Médéa,"El Hamdania",الحمدانية
26,Médéa,"El Haoudane",الحوضان
26,Médéa,"El Omaria",العمارية
26,Médéa,"El Ouinet",العوينات
26,Médéa,Hannacha,حناشة
26,Médéa,"Kef Lakhdar","الكاف الاخضر"
26,Médéa,"Khams Djouamaa","خمس جوامع"
26,Médéa,"Ksar El Boukhari","قصر البخاري"
26,Médéa,M'fatha,مفاتحة
26,Médéa,Maghraoua,مغراوة
26,Médéa,Medea,المدية
26,Médéa,Medjebar,مجبر
26,Médéa,Mezerana,مزغنة
26,Médéa,Mihoub,ميهوب
26,Médéa,Ouamri,عوامري
26,Médéa,"Oued Harbil","وادي حربيل"
26,Médéa,"Ouled Antar","أولاد عنتر"
26,Médéa,"Ouled Bouachra","أولاد بوعشرة"
26,Médéa,"Ouled Brahim","أولاد إبراهيم"
26,Médéa,"Ouled Deid","أولاد دايد"
26,Médéa,"Ouled Emaaraf","أولاد امعرف"
26,Médéa,"Ouled Hellal","أولاد هلال"
26,Médéa,"Oum El Djellil","أم الجليل"
26,Médéa,Ouzera,وزرة
26,Médéa,Rebaia,الربعية
26,Médéa,Saneg,السانق
26,Médéa,Sedraya,سدراية
26,Médéa,Seghouane,سغوان
26,Médéa,"Si Mahdjoub","سي المحجوب"
26,Médéa,"Sidi Demed","سيدي دامد"
26,Médéa,"Sidi Naamane","سيدي نعمان"
26,Médéa,"Sidi Rabie","سيدي الربيع"
26,Médéa,"Sidi Zahar","سيدي زهار"
26,Médéa,"Sidi Ziane","سيدي زيان"
26,Médéa,Souagui,السواقي
26,Médéa,Tablat,تابلاط
26,Médéa,Tafraout,تفراوت
26,Médéa,Tamesguida,تمسقيدة
26,Médéa,"Tizi Mahdi","تيزي مهدي"
26,Médéa,"Tletat Ed Douair","ثلاث دوائر"
26,Médéa,Zoubiria,الزبيرية
27,Mostaganem,Achaacha,عشعاشة
27,Mostaganem,Ain-Boudinar,"عين بودينار"
27,Mostaganem,Ain-Nouissy,"عين نويسي"
27,Mostaganem,"Ain-Sidi Cherif","عين سيدي الشريف"
27,Mostaganem,Ain-Tedles,"عين تادلس"
27,Mostaganem,"Benabdelmalek Ramdane","بن عبد المالك رمضان"
27,Mostaganem,Bouguirat,بوقيراط
27,Mostaganem,Fornaka,فرناقة
27,Mostaganem,Hadjadj,حجاج
27,Mostaganem,"Hassi Mameche","حاسي ماماش"
27,Mostaganem,Hassiane,"الحسيان (بني ياحي"
27,Mostaganem,Khadra,خضرة
27,Mostaganem,Kheir-Eddine,"خير الدين"
27,Mostaganem,Mansourah,منصورة
27,Mostaganem,Mazagran,مزغران
27,Mostaganem,Mesra,ماسرة
27,Mostaganem,Mostaganem,مستغانم
27,Mostaganem,Nekmaria,نكمارية
27,Mostaganem,"Oued El Kheir","وادي الخير"
27,Mostaganem,"Ouled Boughalem","أولاد بوغالم"
27,Mostaganem,Ouled-Maalah,"أولاد مع الله"
27,Mostaganem,Safsaf,صفصاف
27,Mostaganem,Sayada,صيادة
27,Mostaganem,"Sidi Ali","سيدي علي"
27,Mostaganem,"Sidi Belaattar","سيدي بلعطار"
27,Mostaganem,Sidi-Lakhdar,"سيدي لخضر"
27,Mostaganem,Sirat,سيرات
27,Mostaganem,Souaflia,السوافلية
27,Mostaganem,Sour,سور
27,Mostaganem,Stidia,ستيدية
27,Mostaganem,Tazgait,تزقايت
27,Mostaganem,Touahria,الطواهرية
28,M'Sila,"Ain El Hadjel","عين الحجل"
28,M'Sila,"Ain El Melh","عين الملح"
28,M'Sila,"Ain Fares","عين فارس"
28,M'Sila,"Ain Khadra","عين الخضراء"
28,M'Sila,"Ain Rich","عين الريش"
28,M'Sila,Belaiba,بلعايبة
28,M'Sila,"Ben Srour","بن سرور"
28,M'Sila,"Beni Ilmane","بني يلمان"
28,M'Sila,Benzouh,"بن زوه"
28,M'Sila,Berhoum,برهوم
28,M'Sila,"Bir Foda","بئر فضة"
28,M'Sila,"Bou Saada",بوسعادة
28,M'Sila,"Bouti Sayeh","بوطي السايح"
28,M'Sila,Chellal,شلال
28,M'Sila,Dehahna,دهاهنة
28,M'Sila,"Djebel Messaad","جبل مساعد"
28,M'Sila,"El Hamel",الهامل
28,M'Sila,"El Houamed",الحوامد
28,M'Sila,"Hammam Dalaa","حمام الضلعة"
28,M'Sila,"Khettouti Sed-El-Jir","خطوطي سد الجير"
28,M'Sila,Khoubana,خبانة
28,M'Sila,M'Cif,مسيف
28,M'Sila,M'Sila,المسيلة
28,M'Sila,M'Tarfa,المطارفة
28,M'Sila,Maadid,المعاضيد
28,M'Sila,Maarif,معاريف
28,M'Sila,Magra,مقرة
28,M'Sila,Medjedel,امجدل
28,M'Sila,Menaa,مناعة
28,M'Sila,"Mohamed Boudiaf","محمد بوضياف"
28,M'Sila,Ouanougha,ونوغة
28,M'Sila,"Ouled Addi Guebala","أولاد عدي لقبالة"
28,M'Sila,"Ouled Derradj","أولاد دراج"
28,M'Sila,"Ouled Madhi","أولاد ماضي"
28,M'Sila,"Ouled Mansour","أولاد منصور"
28,M'Sila,"Ouled Sidi Brahim","أولاد سيدي ابراهيم"
28,M'Sila,"Ouled Slimane","أولاد سليمان"
28,M'Sila,Oulteme,ولتام
28,M'Sila,"Sidi Aissa","سيدي عيسى"
28,M'Sila,"Sidi Ameur","سيدي عامر"
28,M'Sila,"Sidi Hadjeres","سيدي هجرس"
28,M'Sila,"Sidi M'Hamed","سيدي امحمد"
28,M'Sila,Slim,سليم
28,M'Sila,Souamaa,السوامع
28,M'Sila,Tamsa,تامسة
28,M'Sila,Tarmount,تارمونت
28,M'Sila,Zarzour,زرزور
29,Mascara,"Ain Fares","عين فارس"
29,Mascara,"Ain Fekan","عين فكان"
29,Mascara,"Ain Ferah","عين فراح"
29,Mascara,"Ain Frass","عين أفرص"
29,Mascara,Alaimia,العلايمية
29,Mascara,Aouf,عوف
29,Mascara,Benian,بنيان
29,Mascara,"Bou Henni",بوهني
29,Mascara,Bouhanifia,بوحنيفية
29,Mascara,Chorfa,الشرفاء
29,Mascara,"El Bordj",البرج
29,Mascara,"El Gaada",القعدة
29,Mascara,"El Ghomri",الغمري
29,Mascara,"El Gueitena",القطنة
29,Mascara,"El Hachem",الحشم
29,Mascara,"El Keurt",القرط
29,Mascara,"El Mamounia",المأمونية
29,Mascara,"El Menaouer",المنور
29,Mascara,Ferraguig,فراقيق
29,Mascara,Froha,فروحة
29,Mascara,Gharrous,غروس
29,Mascara,Ghriss,غريس
29,Mascara,Guerdjoum,قرجوم
29,Mascara,Hacine,حسين
29,Mascara,Khalouia,خلوية
29,Mascara,Makhda,ماقضة
29,Mascara,Maoussa,ماوسة
29,Mascara,Mascara,معسكر
29,Mascara,Matemore,المطمور
29,Mascara,Mocta-Douz,"مقطع الدوز"
29,Mascara,Mohammadia,المحمدية
29,Mascara,Nesmot,نسمط
29,Mascara,Oggaz,عقاز
29,Mascara,"Oued El Abtal","وادي الأبطال"
29,Mascara,"Oued Taria","وادي التاغية"
29,Mascara,"Ras El Ain Amirouche","رأس عين عميروش"
29,Mascara,Sedjerara,سجرارة
29,Mascara,Sehailia,السهايلية
29,Mascara,"Sidi Abdeldjebar","سيدي عبد الجبار"
29,Mascara,"Sidi Abdelmoumene","سيدي عبد المومن"
29,Mascara,"Sidi Boussaid","سيدي بوسعيد"
29,Mascara,"Sidi Kada","سيدي قادة"
29,Mascara,Sig,سيق
29,Mascara,Tighennif,تيغنيف
29,Mascara,Tizi,تيزي
29,Mascara,Zahana,زهانة
29,Mascara,Zelamta,زلامطة
30,Ouargla,"Ain Beida","عين البيضاء"
30,Ouargla,"El Borma",البرمة
30,Ouargla,"Hassi Ben Abdellah","حاسي بن عبد الله"
30,Ouargla,"Hassi Messaoud","حاسي مسعود"
30,Ouargla,N'Goussa,انقوسة
30,Ouargla,Ouargla,ورقلة
30,Ouargla,Rouissat,الرويسات
30,Ouargla,"Sidi Khouiled","سيدي خويلد"
31,Oran,"Ain Biya","عين البية"
31,Oran,"Ain Kerma","عين الكرمة"
31,Oran,"Ain Turk","عين الترك"
31,Oran,Arzew,أرزيو
31,Oran,"Ben Freha","بن فريحة"
31,Oran,Bethioua,بطيوة
31,Oran,"Bir El Djir","بئر الجير"
31,Oran,Boufatis,بوفاتيس
31,Oran,Bousfer,بوسفر
31,Oran,Boutlelis,بوتليليس
31,Oran,"El Ancor",العنصر
31,Oran,"El Braya",البراية
31,Oran,"El Kerma",الكرمة
31,Oran,"Es Senia",السانية
31,Oran,Gdyel,قديل
31,Oran,"Hassi Ben Okba","حاسي بن عقبة"
31,Oran,"Hassi Bounif","حاسي بونيف"
31,Oran,"Hassi Mefsoukh","حاسي مفسوخ"
31,Oran,"Marsat El Hadjadj","مرسى الحجاج"
31,Oran,"Mers El Kebir","المرسى الكبير"
31,Oran,Messerghin,مسرغين
31,Oran,Oran,وهران
31,Oran,"Oued Tlelat","وادي تليلات"
31,Oran,"Sidi Ben Yebka","سيدي بن يبقى"
31,Oran,"Sidi Chami","سيدي الشحمي"
31,Oran,Tafraoui,طفراوي
32,"El Bayadh",Arbaouat,اربوات
32,"El Bayadh","Aïn El Orak","عين العراك"
32,"El Bayadh",Boualem,بوعلام
32,"El Bayadh",Bougtoub,بوقطب
32,"El Bayadh",Boussemghoun,بوسمغون
32,"El Bayadh",Brezina,بريزينة
32,"El Bayadh",Cheguig,الشقيق
32,"El Bayadh",Chellala,شلالة
32,"El Bayadh","El Bayadh",البيض
32,"El Bayadh","El Bnoud",البنود
32,"El Bayadh","El Kheiter",الخيثر
32,"El Bayadh","El Mehara",المحرة
32,"El Bayadh",Ghassoul,الغاسول
32,"El Bayadh","Kef El Ahmar","الكاف الأحمر"
32,"El Bayadh",Krakda,كراكدة
32,"El Bayadh","Labiodh Sidi Cheikh","الأبيض سيدي الشيخ"
32,"El Bayadh",Rogassa,رقاصة
32,"El Bayadh","Sidi Ameur","سيدي عامر"
32,"El Bayadh","Sidi Slimane","سيدي سليمان"
32,"El Bayadh","Sidi Tiffour","سيدي طيفور"
32,"El Bayadh",Stitten,ستيتن
32,"El Bayadh",Tousmouline,توسمولين
33,Illizi,"Bordj Omar Driss","برج عمر إدريس"
33,Illizi,Debdeb,دبداب
33,Illizi,Illizi,إيليزي
33,Illizi,"In Amenas","إن أمناس"
34,"Bordj Bou Arréridj","Ain Taghrout","عين تاغروت"
34,"Bordj Bou Arréridj","Ain Tesra","عين تسرة"
34,"Bordj Bou Arréridj","B. B. Arreridj","برج بوعريرج"
34,"Bordj Bou Arréridj",Belimour,بليمور
34,"Bordj Bou Arréridj","Ben Daoud","بن داود"
34,"Bordj Bou Arréridj","Bir Kasdali","بئر قاصد علي"
34,"Bordj Bou Arréridj","Bordj Ghedir","برج الغدير"
34,"Bordj Bou Arréridj","Bordj Zemmoura","برج زمورة"
34,"Bordj Bou Arréridj",Colla,القلة
34,"Bordj Bou Arréridj",Djaafra,جعافرة
34,"Bordj Bou Arréridj","El Achir",الياشير
34,"Bordj Bou Arréridj","El Annasseur",العناصر
34,"Bordj Bou Arréridj","El Euch",العش
34,"Bordj Bou Arréridj","El M'hir",المهير
34,"Bordj Bou Arréridj","El Main",الماين
34,"Bordj Bou Arréridj",Elhammadia,الحمادية
34,"Bordj Bou Arréridj",Ghailasa,غيلاسة
34,"Bordj Bou Arréridj",Haraza,حرازة
34,"Bordj Bou Arréridj",Hasnaoua,حسناوة
34,"Bordj Bou Arréridj",Khelil,خليل
34,"Bordj Bou Arréridj",Ksour,القصور
34,"Bordj Bou Arréridj",Mansoura,المنصورة
34,"Bordj Bou Arréridj",Medjana,مجانة
34,"Bordj Bou Arréridj","Ouled Brahem","أولاد أبراهم"
34,"Bordj Bou Arréridj","Ouled Dahmane","أولاد دحمان"
34,"Bordj Bou Arréridj","Ouled Sidi-Brahim","أولاد سيدي ابراهيم"
34,"Bordj Bou Arréridj",Rabta,الرابطة
34,"Bordj Bou Arréridj","Ras El Oued","رأس الوادي"
34,"Bordj Bou Arréridj",Sidi-Embarek,"سيدي أمبارك"
34,"Bordj Bou Arréridj",Taglait,تقلعيت
34,"Bordj Bou Arréridj",Tassamert,تسامرت
34,"Bordj Bou Arréridj",Tefreg,تفرق
34,"Bordj Bou Arréridj","Teniet En Nasr","ثنية النصر"
34,"Bordj Bou Arréridj",Tixter,تيكستار
35,Boumerdès,Afir,أعفير
35,Boumerdès,Ammal,عمال
35,Boumerdès,Baghlia,بغلية
35,Boumerdès,"Ben Choud","بن شود"
35,Boumerdès,"Beni Amrane","بني عمران"
35,Boumerdès,"Bordj Menaiel","برج منايل"
35,Boumerdès,Boudouaou,بودواو
35,Boumerdès,"Boudouaou El Bahri","بودواو البحري"
35,Boumerdès,Boumerdes,بومرداس
35,Boumerdès,"Bouzegza Keddara","بوزقزة قدارة"
35,Boumerdès,"Chabet El Ameur","شعبة العامر"
35,Boumerdès,Corso,قورصو
35,Boumerdès,Dellys,دلس
35,Boumerdès,Djinet,جنات
35,Boumerdès,"El Kharrouba",الخروبة
35,Boumerdès,Hammedi,حمادي
35,Boumerdès,Isser,يسر
35,Boumerdès,"Khemis El Khechna","خميس الخشنة"
35,Boumerdès,Larbatache,الاربعطاش
35,Boumerdès,Leghata,لقاطة
35,Boumerdès,Naciria,الناصرية
35,Boumerdès,"Ouled Aissa","أولاد عيسى"
35,Boumerdès,"Ouled Hedadj","أولاد هداج"
35,Boumerdès,"Ouled Moussa","أولاد موسى"
35,Boumerdès,"Si Mustapha","سي مصطفى"
35,Boumerdès,"Sidi Daoud","سيدي داود"
35,Boumerdès,"Souk El Had","سوق الحد"
35,Boumerdès,Taourga,تاورقة
35,Boumerdès,Thenia,الثنية
35,Boumerdès,Tidjelabine,تيجلابين
35,Boumerdès,Timezrit,تيمزريت
35,Boumerdès,Zemmouri,زموري
36,"El Tarf","Ain El Assel","عين العسل"
36,"El Tarf","Ain Kerma","عين الكرمة"
36,"El Tarf",Asfour,عصفور
36,"El Tarf","Ben M Hidi","بن مهيدي"
36,"El Tarf",Berrihane,بريحان
36,"El Tarf",Besbes,البسباس
36,"El Tarf",Bougous,بوقوس
36,"El Tarf",Bouhadjar,بوحجار
36,"El Tarf",Bouteldja,بوثلجة
36,"El Tarf","Chebaita Mokhtar","شبيطة مختار"
36,"El Tarf",Chefia,الشافية
36,"El Tarf",Chihani,شحاني
36,"El Tarf",Drean,الذرعـان
36,"El Tarf",Echatt,الشط
36,"El Tarf","El Aioun",العيون
36,"El Tarf","El Kala",القالة
36,"El Tarf","El Tarf",الطارف
36,"El Tarf","Hammam Beni Salah","حمام بني صالح"
36,"El Tarf","Lac Des Oiseaux","بحيرة الطيور"
36,"El Tarf","Oued Zitoun","وادي الزيتون"
36,"El Tarf","Raml Souk","رمل السوق"
36,"El Tarf",Souarekh,السوارخ
36,"El Tarf",Zerizer,زريزر
36,"El Tarf",Zitouna,الزيتونة
37,Tindouf,"Oum El Assel","أم العسل"
37,Tindouf,Tindouf,تندوف
38,Tissemsilt,Ammari,عماري
38,Tissemsilt,"Beni Chaib","بني شعيب"
38,Tissemsilt,"Beni Lahcene","بني لحسن"
38,Tissemsilt,"Bordj Bounaama","برج بونعامة"
38,Tissemsilt,"Bordj El Emir Abdelkader","برج الأمير عبد القادر"
38,Tissemsilt,Boucaid,بوقائد
38,Tissemsilt,Khemisti,خميستي
38,Tissemsilt,Larbaa,الأربعاء
38,Tissemsilt,Lardjem,لرجام
38,Tissemsilt,Layoune,العيون
38,Tissemsilt,Lazharia,الأزهرية
38,Tissemsilt,Maacem,المعاصم
38,Tissemsilt,Melaab,الملعب
38,Tissemsilt,"Ouled Bessam","أولاد بسام"
38,Tissemsilt,"Sidi Abed","سيدي عابد"
38,Tissemsilt,"Sidi Boutouchent","سيدي بوتوشنت"
38,Tissemsilt,"Sidi Lantri","سيدي العنتري"
38,Tissemsilt,"Sidi Slimane","سيدي سليمان"
38,Tissemsilt,Tamellahet,تملاحت
38,Tissemsilt,"Theniet El Had","ثنية الاحد"
38,Tissemsilt,Tissemsilt,تيسمسيلت
38,Tissemsilt,Youssoufia,اليوسفية
39,"El Oued",Bayadha,البياضة
39,"El Oued","Ben Guecha","بن  قشة"
39,"El Oued",Debila,الدبيلة
39,"El Oued","Douar El Maa","دوار الماء"
39,"El Oued","El Ogla",العقلة
39,"El Oued",El-Oued,الوادي
39,"El Oued",Guemar,قمار
39,"El Oued",Hamraia,الحمراية
39,"El Oued","Hassani Abdelkrim","حساني عبد الكريم"
39,"El Oued","Hassi Khalifa","حاسي خليفة"
39,"El Oued",Kouinine,كوينين
39,"El Oued",Magrane,المقرن
39,"El Oued","Mih Ouansa","اميه وانسة"
39,"El Oued",Nakhla,النخلة
39,"El Oued","Oued El Alenda","وادي العلندة"
39,"El Oued",Ourmes,ورماس
39,"El Oued",Reguiba,الرقيبة
39,"El Oued",Robbah,الرباح
39,"El Oued","Sidi Aoun","سيدي عون"
39,"El Oued",Taghzout,تغزوت
39,"El Oued","Taleb Larbi","الطالب العربي"
39,"El Oued",Trifaoui,الطريفاوي
40,Khenchela,"Ain Touila","عين الطويلة"
40,Khenchela,Babar,بابار
40,Khenchela,Baghai,بغاي
40,Khenchela,Bouhmama,بوحمامة
40,Khenchela,Chechar,ششار
40,Khenchela,Chelia,شلية
40,Khenchela,Djellal,جلال
40,Khenchela,"El Hamma",الحامة
40,Khenchela,"El Mahmal",المحمل
40,Khenchela,"El Oueldja",الولجة
40,Khenchela,Ensigha,انسيغة
40,Khenchela,Kais,قايس
40,Khenchela,Khenchela,خنشلة
40,Khenchela,Khirane,خيران
40,Khenchela,M'Sara,مصارة
40,Khenchela,M'Toussa,متوسة
40,Khenchela,"Ouled Rechache","أولاد رشاش"
40,Khenchela,Remila,الرميلة
40,Khenchela,Tamza,طامزة
40,Khenchela,Taouzianat,تاوزيانت
40,Khenchela,Yabous,يابوس
41,"Souk Ahras","Ain Soltane","عين سلطان"
41,"Souk Ahras","Ain Zana","عين الزانة"
41,"Souk Ahras","Bir Bouhouche","بئر بوحوش"
41,"Souk Ahras",Drea,الدريعة
41,"Souk Ahras",Haddada,الحدادة
41,"Souk Ahras",Hanencha,الحنانشة
41,"Souk Ahras",Khedara,الخضارة
41,"Souk Ahras",Khemissa,خميسة
41,"Souk Ahras",M'daourouche,مداوروش
41,"Souk Ahras",Machroha,المشروحة
41,"Souk Ahras",Merahna,المراهنة
41,"Souk Ahras","Oued Kebrit","وادي الكبريت"
41,"Souk Ahras",Ouillen,ويلان
41,"Souk Ahras","Ouled Driss","أولاد إدريس"
41,"Souk Ahras","Ouled Moumen","أولاد مومن"
41,"Souk Ahras","Oum El Adhaim","أم العظايم"
41,"Souk Ahras",Ragouba,الراقوبة
41,"Souk Ahras","Safel El Ouiden","سافل الويدان"
41,"Souk Ahras",Sedrata,سدراتة
41,"Souk Ahras","Sidi Fredj","سيدي فرج"
41,"Souk Ahras","Souk Ahras","سوق أهراس"
41,"Souk Ahras",Taoura,تاورة
41,"Souk Ahras",Terraguelt,ترقالت
41,"Souk Ahras",Tiffech,تيفاش
41,"Souk Ahras",Zaarouria,الزعرورية
41,"Souk Ahras",Zouabi,الزوابي
42,Tipaza,Aghbal,أغبال
42,Tipaza,"Ahmer El Ain","أحمر العين"
42,Tipaza,"Ain Tagourait","عين تاقورايت"
42,Tipaza,Attatba,الحطاطبة
42,Tipaza,"Beni Mileuk","بني ميلك"
42,Tipaza,"Bou Haroun",بوهارون
42,Tipaza,"Bou Ismail",بواسماعيل
42,Tipaza,Bourkika,بورقيقة
42,Tipaza,Chaiba,الشعيبة
42,Tipaza,Cherchell,شرشال
42,Tipaza,Damous,الداموس
42,Tipaza,Douaouda,دواودة
42,Tipaza,Fouka,فوكة
42,Tipaza,Gouraya,قوراية
42,Tipaza,Hadjout,حجوط
42,Tipaza,"Hadjret Ennous","حجرة النص"
42,Tipaza,Khemisti,خميستي
42,Tipaza,Kolea,القليعة
42,Tipaza,Larhat,الأرهاط
42,Tipaza,Menaceur,مناصر
42,Tipaza,Merad,مراد
42,Tipaza,Messelmoun,مسلمون
42,Tipaza,Nador,الناظور
42,Tipaza,"Sidi Ghiles","سيدي غيلاس"
42,Tipaza,"Sidi Rached","سيدي راشد"
42,Tipaza,"Sidi Semiane","سيدي سميان"
42,Tipaza,Sidi-Amar,"سيدي عامر"
42,Tipaza,Tipaza,تيبازة
43,Mila,"Ahmed Rachedi","أحمد راشدي"
43,Mila,"Ain Beida Harriche","عين البيضاء أحريش"
43,Mila,"Ain Mellouk","عين الملوك"
43,Mila,"Ain Tine","عين التين"
43,Mila,"Amira Arres","اعميرة اراس"
43,Mila,"Benyahia Abderrahmane","بن يحي عبد الرحمن"
43,Mila,Bouhatem,بوحاتم
43,Mila,"Chelghoum Laid","شلغوم العيد"
43,Mila,Chigara,الشيقارة
43,Mila,"Derrahi Bousselah","دراحي بوصلاح"
43,Mila,"El Ayadi Barbes","العياضي برباس"
43,Mila,"El Mechira",مشيرة
43,Mila,Ferdjioua,فرجيوة
43,Mila,"Grarem Gouga","القرارم قوقة"
43,Mila,Hamala,حمالة
43,Mila,Mila,ميلة
43,Mila,"Minar Zarza","مينار زارزة"
43,Mila,"Oued Athmenia","وادي العثمانية"
43,Mila,"Oued Endja","وادي النجاء"
43,Mila,"Oued Seguen","وادي سقان"
43,Mila,"Ouled Khalouf","أولاد اخلوف"
43,Mila,Rouached,الرواشد
43,Mila,"Sidi Khelifa","سيدي خليفة"
43,Mila,"Sidi Merouane","سيدي مروان"
43,Mila,Tadjenanet,تاجنانت
43,Mila,"Tassadane Haddada","تسدان حدادة"
43,Mila,"Tassala Lematai","تسالة لمطاعي"
43,Mila,Teleghma,التلاغمة
43,Mila,"Terrai Bainen","ترعي باينان"
43,Mila,Tiberguent,تيبرقنت
43,Mila,"Yahia Beniguecha","يحي بني قشة"
43,Mila,Zeghaia,زغاية
44,"Aïn Defla",Ain-Benian,"عين البنيان"
44,"Aïn Defla",Ain-Bouyahia,"عين بويحيى"
44,"Aïn Defla",Ain-Defla,"عين الدفلى"
44,"Aïn Defla",Ain-Lechiakh,"عين الاشياخ"
44,"Aïn Defla",Ain-Soltane,"عين السلطان"
44,"Aïn Defla",Ain-Torki,"عين التركي"
44,"Aïn Defla",Arib,عريب
44,"Aïn Defla",Bathia,بطحية
44,"Aïn Defla",Belaas,بلعاص
44,"Aïn Defla","Ben Allal","بن علال"
44,"Aïn Defla",Bir-Ould-Khelifa,"بئر ولد خليفة"
44,"Aïn Defla",Birbouche,بربوش
44,"Aïn Defla",Bordj-Emir-Khaled,"برج الأمير خالد"
44,"Aïn Defla",Boumedfaa,بومدفع
44,"Aïn Defla",Bourached,بوراشد
44,"Aïn Defla",Djelida,جليدة
44,"Aïn Defla","Djemaa Ouled Cheikh","جمعة أولاد الشيخ"
44,"Aïn Defla",Djendel,جندل
44,"Aïn Defla",El-Abadia,العبادية
44,"Aïn Defla",El-Amra,العامرة
44,"Aïn Defla",El-Attaf,العطاف
44,"Aïn Defla",El-Maine,الماين
44,"Aïn Defla",Hammam-Righa,"حمام ريغة"
44,"Aïn Defla",Hassania,الحسانية
44,"Aïn Defla",Hoceinia,الحسينية
44,"Aïn Defla",Khemis-Miliana,"خميس مليانة"
44,"Aïn Defla",Mekhatria,المخاطرية
44,"Aïn Defla",Miliana,مليانة
44,"Aïn Defla","Oued Chorfa","وادي الشرفاء"
44,"Aïn Defla","Oued Djemaa","واد الجمعة"
44,"Aïn Defla",Rouina,الروينة
44,"Aïn Defla",Sidi-Lakhdar,"سيدي الأخضر"
44,"Aïn Defla","Tacheta Zegagha","تاشتة زقاغة"
44,"Aïn Defla",Tarik-Ibn-Ziad,"طارق بن زياد"
44,"Aïn Defla",Tiberkanine,تبركانين
44,"Aïn Defla",Zeddine,زدين
45,Naâma,"Ain Ben Khelil","عين بن خليل"
45,Naâma,"Ain Sefra","عين الصفراء"
45,Naâma,Asla,عسلة
45,Naâma,"Djenienne Bourezg","جنين بورزق"
45,Naâma,"El Biodh",البيوض
45,Naâma,Kasdir,القصدير
45,Naâma,"Makmen Ben Amar","مكمن بن عمار"
45,Naâma,Mecheria,المشرية
45,Naâma,Moghrar,مغرار
45,Naâma,Naama,النعامة
45,Naâma,Sfissifa,سفيسيفة
45,Naâma,Tiout,تيوت
46,"Aïn Témouchent",Aghlal,أغلال
46,"Aïn Témouchent","Ain El Arbaa","عين الأربعاء"
46,"Aïn Témouchent","Ain Kihal","عين الكيحل"
46,"Aïn Témouchent","Ain Temouchent","عين تموشنت"
46,"Aïn Témouchent","Ain Tolba","عين الطلبة"
46,"Aïn Témouchent",Aoubellil,"عقب الليل"
46,"Aïn Témouchent","Beni Saf","بني صاف"
46,"Aïn Témouchent",Bouzedjar,بوزجار
46,"Aïn Témouchent","Chaabat El Ham","شعبة اللحم"
46,"Aïn Témouchent",Chentouf,شنتوف
46,"Aïn Témouchent","El Amria",العامرية
46,"Aïn Témouchent","El Maleh",المالح
46,"Aïn Témouchent","El Messaid",المساعيد
46,"Aïn Témouchent","Emir Abdelkader","الأمير عبد القادر"
46,"Aïn Témouchent","Hammam Bou Hadjar","حمام بوحجر"
46,"Aïn Témouchent",Hassasna,الحساسنة
46,"Aïn Témouchent","Hassi El Ghella","حاسي الغلة"
46,"Aïn Témouchent","Oued Berkeche","وادي برقش"
46,"Aïn Témouchent","Oued Sebbah","وادي الصباح"
46,"Aïn Témouchent","Ouled Boudjemaa","أولاد بوجمعة"
46,"Aïn Témouchent","Ouled Kihal","أولاد الكيحل"
46,"Aïn Témouchent","Oulhaca El Gheraba","ولهاصة الغرابة"
46,"Aïn Témouchent","Sidi Ben Adda","سيدي بن عدة"
46,"Aïn Témouchent","Sidi Boumediene","سيدي بومدين"
46,"Aïn Témouchent","Sidi Ouriache","سيدي ورياش"
46,"Aïn Témouchent","Sidi Safi","سيدي صافي"
46,"Aïn Témouchent",Tamzoura,تامزورة
46,"Aïn Témouchent",Terga,تارقة
47,Ghardaïa,Berriane,بريان
47,Ghardaïa,Bounoura,بونورة
47,Ghardaïa,"Dhayet Bendhahoua","ضاية بن ضحوة"
47,Ghardaïa,"El Atteuf",العطف
47,Ghardaïa,"El Guerrara",القرارة
47,Ghardaïa,Ghardaia,غرداية
47,Ghardaïa,Mansoura,المنصورة
47,Ghardaïa,Metlili,متليلي
47,Ghardaïa,Sebseb,سبسب
47,Ghardaïa,Zelfana,زلفانة
48,Relizane,"Ain Rahma","عين الرحمة"
48,Relizane,Ain-Tarek,"عين طارق"
48,Relizane,"Ammi Moussa","عمي موسى"
48,Relizane,"Belaassel Bouzagza","بلعسل بوزقزة"
48,Relizane,Bendaoud,"بن داود"
48,Relizane,"Beni Dergoun","بني درقن"
48,Relizane,"Beni Zentis","بني زنطيس"
48,Relizane,"Dar Ben Abdelah","دار بن عبد الله"
48,Relizane,Djidiouia,جديوية
48,Relizane,"El H'madna",الحمادنة
48,Relizane,"El Hassi",الحاسي
48,Relizane,"El Ouldja",الولجة
48,Relizane,El-Guettar,القطار
48,Relizane,El-Matmar,المطمر
48,Relizane,"Had Echkalla","حد الشكالة"
48,Relizane,Hamri,حمري
48,Relizane,Kalaa,القلعة
48,Relizane,Lahlef,لحلاف
48,Relizane,Mazouna,مازونة
48,Relizane,Mediouna,مديونة
48,Relizane,Mendes,منداس
48,Relizane,"Merdja Sidi Abed","مرجة سيدي عابد"
48,Relizane,Ouarizane,واريزان
48,Relizane,"Oued El Djemaa","وادي الجمعة"
48,Relizane,"Oued Essalem","وادي السلام"
48,Relizane,Oued-Rhiou,"وادي رهيو"
48,Relizane,"Ouled Aiche","أولاد يعيش"
48,Relizane,"Ouled Sidi Mihoub","أولاد سيدي الميهوب"
48,Relizane,Ramka,الرمكة
48,Relizane,Relizane,غليزان
48,Relizane,"Sidi Khettab","سيدي  خطاب"
48,Relizane,"Sidi Lazreg","سيدي لزرق"
48,Relizane,"Sidi M'Hamed Benaouda","سيدي امحمد بن عودة"
48,Relizane,"Sidi M'hamed Benali","سيدي أمحمد بن علي"
48,Relizane,"Sidi Saada","سيدي سعادة"
48,Relizane,"Souk El Had","سوق الحد"
48,Relizane,Yellel,يلل
48,Relizane,Zemmoura,زمورة
49,Timimoun,Aougrout,أوقروت
49,Timimoun,Charouine,شروين
49,Timimoun,Deldoul,دلدول
49,Timimoun,"Ksar Kaddour","قصر قدور"
49,Timimoun,Metarfa,المطارفة
49,Timimoun,"Ouled Aissa","أولاد عيسى"
49,Timimoun,"Ouled Said","أولاد السعيد"
49,Timimoun,Talmine,طالمين
49,Timimoun,Timimoun,تيميمون
49,Timimoun,Tinerkouk,تنركوك
50,"Bordj Badji Mokhtar","Bordj Badji Mokhtar","برج باجي مختار"
50,"Bordj Badji Mokhtar",Timiaouine,تيمياوين
51,"Ouled Djellal",Besbes,بسباس
51,"Ouled Djellal",Chaiba,الشعيبة
51,"Ouled Djellal",Doucen,الدوسن
51,"Ouled Djellal","Ouled Djellal","أولاد جلال"
51,"Ouled Djellal","Ras El Miad","رأس الميعاد"
51,"Ouled Djellal","Sidi Khaled","سيدي  خالد"
52,"Béni Abbès","Beni Ikhlef","بن يخلف"
52,"Béni Abbès","Béni Abbès","بني عباس"
52,"Béni Abbès","El Ouata",الواتة
52,"Béni Abbès",Igli,إقلي
52,"Béni Abbès",Kerzaz,كرزاز
52,"Béni Abbès",Ksabi,القصابي
52,"Béni Abbès",Ouled-Khodeir,"أولاد خضير"
52,"Béni Abbès",Tabelbala,تبلبالة
52,"Béni Abbès",Tamtert,تامترت
52,"Béni Abbès",Timoudi,تيمودي
53,"In Salah","Ain Salah","عين صالح"
53,"In Salah","Foggaret Ezzoua","فقارة الزوى"
53,"In Salah",Inghar,إينغر
54,"In Guezzam","Ain Guezzam","عين قزام"
54,"In Guezzam","Tin Zouatine","تين زواتين"
55,Touggourt,Benaceur,"بن ناصر"
55,Touggourt,"Blidet Amor","بلدة اعمر"
55,Touggourt,"El Alia",العالية
55,Touggourt,"El Hadjira",الحجيرة
55,Touggourt,M'Naguer,المنقر
55,Touggourt,Megarine,المقارين
55,Touggourt,Nezla,النزلة
55,Touggourt,"Sidi Slimane","سيدي سليمان"
55,Touggourt,Taibet,الطيبات
55,Touggourt,Tebesbest,تبسبست
55,Touggourt,Temacine,تماسين
55,Touggourt,Touggourt,تقرت
55,Touggourt,"Zaouia El Abidia","الزاوية العابدية"
56,Djanet,"Bordj El Haouass","برج الحواس"
56,Djanet,Djanet,جانت
57,"El M'Ghair",Djamaa,جامعة
57,"El M'Ghair",El-M'ghaier,المغير
57,"El M'Ghair",M'Rara,المرارة
57,"El M'Ghair","Oum Touyour","أم الطيور"
57,"El M'Ghair","Sidi Amrane","سيدي عمران"
57,"El M'Ghair","Sidi Khelil","سيدي خليل"
57,"El M'Ghair",Still,سطيل
57,"El M'Ghair",Tenedla,تندلة
58,"El Meniaa","El Meniaa",المنيعة
58,"El Meniaa","Hassi Fehal","حاسي الفحل"
58,"El Meniaa","Hassi Gara","حاسي القارة"
